b66ab5dc-1fcc-4ac8-8ad0-70bbbb463f00	EU West (Paris)
f2ebb78a-5af3-4755-8c22-2ad06aa3b26c	US Mountain (Utah)
927071bd-b09a-459b-a148-d48271942759	AP Northeast (Tokyo)
cb3ebb09-0821-4950-b3a2-505f76259c74	AP Southeast (Singapore)
c8056b14-5c77-4a4d-949f-245dba58e94b	EU West (Ireland)
6ec44039-0e78-4283-ac4d-3f848fb59828	EU West (London)
76aaa16c-74e9-4bdc-bab7-3d65aea8eef8	AP Northeast (Seoul)
711a48d4-0df9-4a38-a9f0-7100e35c4754	AP East (Hong Kong)
cc20fb44-644b-4ac7-9bdb-3e8fbbc6d4a3	AP Southeast (Singapore)
003cd521-113b-4fd9-8a5c-3035fd912629	AP Southeast (Sydney)
154eb17b-37ef-4ff8-ac65-c6ba902027a3	AP South (Mumbai)
ba497f7d-df90-4bc9-8de6-efb4154a43c9	Middle East (Bahrain)
3a7ed6db-0650-48ef-9100-a9fcbde8c051	US West (Oregon)
17c3812a-a16a-4586-ab57-caad878f8539	EU South (Milan)
3bac0415-5bd0-4932-9116-a0cb49c61fc9	US West (N. California)
5acbd96e-d67d-48ca-ba00-6d2f38a7e97e	EU South (Milan)
3996b39d-3a1a-4ce9-ad61-80a13fb5ff37	AP Northeast (Tokyo)
b352546f-bef3-426e-8d0e-7b4d7051f616	AP Southeast (Singapore)
cdc7e314-ee86-430a-83b5-eecce4bf13fd	Middle East (UAE)
8d00640e-5d6c-47d4-bacc-49199eb71495	EU West (Ireland)
c298ddcf-ff36-4836-bdd2-9d742a27e639	AP Northeast (Seoul)
6f012ae4-11f4-4bf8-9f3c-f9bed16f7bee	EU North (Stockholm)
6233f5ce-bd36-4443-9867-21f1063b0f5e	EU Central (Frankfurt)
184621de-f94f-4fd4-82b6-5c40b89b5704	AP East (Hong Kong)
22cfc405-5413-4107-9b0c-7b40e4da1dc2	EU West (Ireland)
17dfaeec-4c84-4ebc-b2ab-cb9510727ba1	EU West (Paris)
280de2be-f803-4b1f-ab5b-32d3103b0ae3	AP Southeast (Sydney)
60d8d91a-cb58-4e56-af61-9f6b03ef7c55	CA Central (Montreal)
61d03535-22b9-47f4-9173-be32acc583f1	AP Southeast (Singapore)
b4faed25-8642-4070-9c95-ddcb487700bd	EU South (Milan)
f16425eb-fae4-4db5-82cd-5e27a89ca290	US Central (Iowa)
e7e0f599-fd3b-4700-a712-952ec4d292f5	US West (Oregon)
5be2260b-46ca-43fb-af54-2e924f8e624c	US Mountain (Utah)
0d01f5a7-2b40-469c-aae2-06135cdf27dc	US Mountain (Utah)
4987d7af-ef98-4a4a-8e8c-116eee5f2dfa	Africa (Cape Town)
733225a2-ea0b-4d43-861b-c861e04263f7	AP East (Hong Kong)
cdc238a1-4741-45eb-8199-b75f2ec053ee	Middle East (Bahrain)
6bad9102-6c54-4c47-a7a9-aed68cbb9ce3	Africa (Cape Town)
5cc86e57-b409-4ba7-a023-fb84a3bacfac	US West (N. California)
dea94c9d-8628-4038-8b0d-7a6b588f2d09	South America (São Paulo)
530f2f65-3335-47eb-a268-6c6f8eca574a	US East (Ohio)
2d441cf9-73ce-4565-9e1c-d637dc942f30	EU West (Paris)
faac22d7-05ef-42de-97a6-d6e959f55902	US West (Oregon)
38af37dd-e448-44b5-9dec-946998875811	EU South (Milan)
27decf10-c52f-41b4-8aa4-76e182b4a929	EU West (London)
8263e129-d25b-4649-b164-23c6d6d29a8a	AP Northeast (Seoul)
ca9b27c0-998c-4044-90a2-ab7d689e8e14	AP Southeast (Sydney)
810da047-b5d4-4641-a117-79039df35c60	Middle East (Bahrain)
5a012524-7fc6-420b-8ac1-4c72133a65e6	EU West (Ireland)
7612ff20-95ca-4874-b87d-0be4e040b2f3	US West (Oregon)
483872db-91a9-4aa2-acd8-c3f6b21d68ae	AP Southeast (Singapore)
86fde4ad-bacf-436a-92cc-9eda2fddab07	US Mountain (Utah)
aeb5a0a9-8507-49b4-a380-f96238ee0688	EU West (Paris)
f8c959b2-6267-4eb0-8d64-c59e019814e3	EU North (Stockholm)
c72ec298-3a2e-4687-a453-bcf8764a38cc	AP Northeast (Seoul)
7e6c52d1-d8fb-450b-8f6f-ac78d524b088	US West (Oregon)
319ac482-c223-48a3-815c-228628253601	South America (São Paulo)
b9d04802-3f44-4c6d-a7ae-cbb4579ea23f	US Central (Iowa)
fa7e2b19-3eb7-47ff-909b-23b41c6f998d	US Central (Iowa)
775b1e38-b6d3-4b90-a2c3-bec1e02b0a44	US East (Ohio)
e6223147-e929-41bc-9ab1-8b17e1529a22	US Central (Iowa)
abb8b263-06b7-41f2-8c02-7d78aa08109c	US West (Oregon)
1ea33a22-70da-4b0d-bb1a-d5867c2e9926	EU West (London)
f4dfe4ba-bec3-4076-9a54-875ccb0ef1d3	AP South (Mumbai)
67596299-3c88-4544-9a0a-1f781c0bb7a1	EU Central (Frankfurt)
2a1bc006-714c-49df-8397-dc4eb0e1c4b4	US East (Ohio)
d8ef52df-8120-4738-9c36-a5f47b609eef	AP Southeast (Sydney)
8615f59d-cc15-4253-a072-6b7d1fa5dbee	Middle East (Bahrain)
ede40a06-bebb-45b2-ab5e-bab12abb16f7	Middle East (Bahrain)
c44fa190-ee16-440b-b141-c18a6cbdff53	Africa (Cape Town)
df5a05c0-4034-494b-80e0-5bdfe240a054	EU North (Stockholm)
52733868-40fd-49fb-a265-17cbb2711974	Africa (Cape Town)
4e9d429e-7ce7-4673-94a8-219bd13942c0	US Central (Iowa)
ae246119-e66c-4814-8124-302839d50265	Middle East (UAE)
19fcd1b7-eea6-44fb-ae14-ca9ced53ba93	AP East (Hong Kong)
9dfedea5-a7c9-4e40-9974-e23ca04ba8df	US East (Ohio)
45c7182d-f3bb-42d0-80b9-b05085d90d10	AP Southeast (Singapore)
5408e7c2-5960-4079-8a35-10a9c13be1aa	AP Northeast (Seoul)
1f7f0121-0866-480c-8b8e-c53e3c0b8ce8	Middle East (UAE)
b370aa79-278e-4398-bceb-21503d8928b9	AP Northeast (Tokyo)
1998e776-9d72-453b-ba66-1638ddee8870	AP Northeast (Tokyo)
2a788782-1246-4801-a82b-c40975737d10	Africa (Cape Town)
4af9da30-24f9-4c0a-870c-fc20a874a447	US East (Ohio)
3748a2a0-9439-4166-b545-aab30c0b18d7	EU North (Stockholm)
6c540e8c-33b4-47aa-943b-5f94ddc12e68	US West (Oregon)
f5882338-a0e4-40e4-bf34-7a892ff1f21b	EU South (Milan)
8409e248-f097-4610-8217-eda8ad16ac89	AP Southeast (Sydney)
6fd521be-ae5b-43f4-96fa-7106124f70df	US East (N. Virginia)
34a9d4d9-3460-446f-8b4d-f94f59773ace	EU West (London)
a5b05fb3-84fe-4b7f-8714-89a441e230b0	US West (N. California)
bd1af433-dc93-4d35-a5fb-c7b4e71e9f35	EU West (London)
5c8d105b-55e1-4760-95ca-2a7e67a178b2	EU North (Stockholm)
5e55d68e-36a2-46e7-a13d-afe31343c26c	US Central (Iowa)
526a83ba-e540-44fd-a104-26c0bcaacf5d	US Central (Iowa)
edbfe641-c3a1-44bb-a22c-96e01047a839	Africa (Cape Town)
acd1c4a8-50fc-4dab-97cb-2c7651f52964	EU Central (Frankfurt)
f3142902-8459-4b7f-8eba-207c80eef505	EU West (Ireland)
9afd6ec0-1edb-4ae0-96f2-029b47facf28	EU North (Stockholm)
55e2905d-8e43-46c2-9863-2765969e902b	US Mountain (Utah)
96539606-2a8f-448a-b635-8b871dada693	US Mountain (Utah)
10fd565f-92db-4964-9508-7e8f8bb8ba48	AP Northeast (Tokyo)
c33f75df-922e-408e-a2c9-9c22bf62bb7d	Middle East (UAE)
dfbb0b50-103f-42d0-a096-b3556f5281f4	CA Central (Montreal)
fea426b7-7fc7-4c99-8204-b090b5e3d171	AP South (Mumbai)
aa092d50-96d2-4fd4-a2af-40942a2e9a0f	US East (N. Virginia)
20e63fb7-6fa7-42f8-a734-f7eb4246e782	US East (Ohio)
ce5a4386-8afd-43e0-a612-c8652fe68d9b	US West (Oregon)
fb2f8e2a-0e16-42eb-bc8f-e5b4bba04a36	EU South (Milan)
37451116-7575-4d62-b34c-f6888d026bff	EU West (Ireland)
e2804133-aaa1-4699-89eb-8d8483177796	AP South (Mumbai)
966dd433-282a-44f5-a6ff-bd938664a765	US West (Oregon)
ca750490-161c-4c5c-8e4b-4511f5bbf915	EU West (Ireland)
06f901be-41e9-40af-a6ee-a796bb727ba1	US West (Oregon)
12bd4098-32f6-47c3-91ed-2692523ea0a0	CA Central (Montreal)
6b80d731-b6c4-4c5a-9345-222489048823	Middle East (Bahrain)
b25cd4e5-c828-4001-be0e-ea4e803e4bc7	EU West (Ireland)
f6e35833-d72f-4bec-92e8-63d3761a069b	Middle East (UAE)
110ca367-c488-4d0d-9181-feb53db3eb49	US East (Ohio)
0a8e9ee1-4bfc-43fd-ba0a-7ae729297152	AP South (Mumbai)
6689ed14-a34c-48d7-9ba9-f71d6dac5952	EU West (Paris)
32cf56e1-de4a-49e8-8e6e-832ccf59f31b	South America (São Paulo)
bce1be48-8cfd-41fa-a832-63e663c64257	Middle East (UAE)
1ad656f4-ac6a-4aa7-883f-bf1f5c0b972f	AP Southeast (Sydney)
0307d535-61fd-46b4-9f37-c3149935a861	CA Central (Montreal)
13ddb2a5-83df-43ba-93af-d5d8f9a69ad2	US East (N. Virginia)
aeba590d-23b1-483f-8160-d6484e57e319	US East (N. Virginia)
f47c310f-a6b7-4a20-a9a2-6563d8b68378	EU West (London)
78657748-7917-489d-af08-d78230fd6b60	EU Central (Frankfurt)
876fff3f-f596-4d35-8761-3bcabcb6814b	US East (Ohio)
cab44de0-f63b-4b99-8600-47d37ba1c0c0	Africa (Cape Town)
dcf94909-e4a0-474b-83ea-34513e0e3731	US East (N. Virginia)
6595cca1-cb4f-489f-857c-fea3aa73c94d	US East (Ohio)
f3373f33-18b2-4607-a4d2-75127b29247e	EU West (Ireland)
bcdc4fe7-9d46-4944-b17a-414829cee924	Middle East (UAE)
a63f25b7-8194-4209-aa28-2dab3e92707a	US West (Oregon)
65c319ac-2a69-4c5c-9f08-c32ec43bad5c	AP Northeast (Tokyo)
4f16b565-beb0-4d1a-a874-225a083162a4	EU Central (Frankfurt)
2f452165-f679-41ed-9e9a-ffc20b8724fc	EU North (Stockholm)
fa967cc1-ea38-4767-a79e-dad9809c62b8	Africa (Cape Town)
81f9e05a-daac-48d5-9f24-c725fc9f3099	AP East (Hong Kong)
b8a0e72d-fd7e-46c6-add6-6ba8410dd2f9	US Mountain (Utah)
4bda49f6-4b27-4c47-9814-a7140c4a741a	US East (Ohio)
4d607cf2-d9c2-4096-a6d5-9e5b08b97ee8	South America (São Paulo)
b38ed6d1-b617-46d7-9d5d-e882814f1ad6	AP Northeast (Seoul)
5ee38753-f142-4c12-9884-8d28022a9d24	CA Central (Montreal)
6976006d-a375-425e-80e6-4a09b34769ca	Middle East (Bahrain)
8600d6f3-b5e6-4f70-b161-8d3c86d61746	AP Northeast (Seoul)
fcd2cfa6-5b73-43f0-8a3e-9b916bb5f8fe	US West (N. California)
ffcceacb-29e9-4151-afa0-62a39f837bd0	AP Northeast (Tokyo)
1336604f-f725-4b18-84b6-2020b1da8349	US East (Ohio)
36866292-3d52-402e-bf7c-968dd386efe1	US East (Ohio)
07ebda88-343a-48a9-9f1b-c32b6164cb59	AP Southeast (Singapore)
ce99cd86-4108-4e35-b9ef-e8a82f9848ac	EU North (Stockholm)
15e6388c-d6cb-4ab7-a1c9-74279ed85b65	EU North (Stockholm)
66c9a021-4635-4e95-b231-e2f364e28b10	EU North (Stockholm)
d3351cd4-acab-483a-b215-0afa03f8f3fe	EU West (Paris)
2f727618-5485-4b10-a480-c81df01c92ca	US East (Ohio)
d23825fc-5e2e-4c73-aa9d-ea88c3a723c8	AP Southeast (Sydney)
6c4d1c8d-ae07-4c41-867b-a94c39fc0dce	US West (N. California)
eb45253f-40f7-49e0-928e-5e992a2f6f29	US East (N. Virginia)
e168f135-2ea9-4b7e-b94a-f792888f560f	EU Central (Frankfurt)
2d66ca63-90de-4b68-a8f3-f592497b20a3	AP Northeast (Tokyo)
223af1ed-4e60-4bf5-9ba2-5d0a7640ff1b	US Central (Iowa)
a6bd24d8-4eac-483b-bf4a-bbaed4f59462	CA Central (Montreal)
59d9a32f-bb9b-4e68-ae29-3b07fd63b8fa	US West (Oregon)
f86f205d-412a-4f9a-be98-3adbb112f7ce	US West (Oregon)
67aa6dd2-0818-4cc8-a68e-64530f831a0f	EU West (Paris)
f9b2300b-4aaf-477d-97e9-1c53df97fcef	AP Southeast (Sydney)
96fe4366-5ff9-4cd1-87e5-b5167edc62ea	EU West (Ireland)
e9f431c7-c2c4-465c-9f64-71abeb6eb583	EU West (London)
dc25ce49-501c-48cf-9aca-16e6fb209aaf	US East (N. Virginia)
a13f5a23-84fd-4b49-8d62-dc10033c562d	AP Southeast (Sydney)
0748ef4e-dd01-4dce-bc7b-58ab40b06c5d	South America (São Paulo)
9b1a630a-b1b4-497b-9337-05cabb2ba16d	AP Northeast (Tokyo)
0cf6adb9-7e46-49c7-82a6-755ae479249b	US West (N. California)
b431b56d-355f-4332-87ac-bc2757043af1	AP Southeast (Sydney)
55513f03-77e7-47bb-bc03-a039ed7f76e1	EU West (Paris)
f96dd795-2946-4191-a08b-f8dad5dec6b8	US West (N. California)
4503b035-c69d-43bf-992a-65c18eb991b0	US East (Ohio)
6de5ba2f-088b-450d-9dab-b29d9048637d	AP Northeast (Tokyo)
0f20d5ed-be38-44e8-afab-3aa9c85c5d86	AP Northeast (Seoul)
647ea2ec-db53-4482-b215-210f2980a845	AP Southeast (Sydney)
783de9c4-8b34-4c39-88fa-08eb73c1b2eb	CA Central (Montreal)
dc1a6170-9bbe-4620-a8a6-52adcac14e6b	EU West (London)
1d3d0879-0308-4a3a-b0ba-5492f7520523	EU West (London)
073f4335-1cf6-4d14-803f-18af6a68dc7f	Middle East (Bahrain)
4670fdc7-6eef-41e6-8dd7-40adcdde1227	South America (São Paulo)
27459b17-5ab4-43a3-b471-eb9144b96370	EU West (Paris)
6d397406-b01f-4833-b992-1d4c4587a5fe	EU Central (Frankfurt)
4478403f-b1ee-4d36-9b31-49c111495ee1	EU South (Milan)
3340073d-ca41-446e-a10c-5ac944155c35	AP Southeast (Singapore)
9b0c833e-c1f2-4c3a-9221-75441c694041	South America (São Paulo)
04783a59-e884-4b55-88a5-aa320c6fb562	AP Northeast (Seoul)
ecaa3e16-3955-4008-8761-090edc8581f8	AP South (Mumbai)
fd867da2-5cb5-4d22-b67c-f3fe7595808e	Middle East (UAE)
6e561257-ec85-491e-bdff-2b864b3a6da4	EU South (Milan)
ab58c126-528d-40d4-9fea-e0de00b222b3	AP Southeast (Singapore)
b36054e6-4e3a-495f-86c9-4c29f94baf1e	Middle East (Bahrain)
a4f333ab-4114-4d32-8ade-11e2647f818e	AP East (Hong Kong)
f40e2244-21c0-46a1-96bd-3c5ac7d0765a	AP Northeast (Seoul)
15ac82da-072f-4403-8445-4ffc4a17c774	AP East (Hong Kong)
3c6bf991-95d1-4c4e-b32d-dd6fa351c1d2	US Central (Iowa)
e0b0f651-22fa-41bd-9655-188ce7084118	AP Northeast (Seoul)
5fb08d6b-45a7-4718-9d23-85dbbc336f4b	Middle East (Bahrain)
e4e938bb-5774-40d4-a5e1-2b600aabf11c	CA Central (Montreal)
464be1b0-b0d3-4417-8af7-a69589657866	AP East (Hong Kong)
477c26a7-b31f-4d6f-b3fb-854bfb4f8ef7	EU West (Paris)
fffde466-ee13-47f7-8f9b-f6309fb73e82	AP South (Mumbai)
3f754795-ca0d-483a-8499-b8f2b8040fe4	CA Central (Montreal)
2eafe51e-48d5-4fd5-a48b-24011c93761d	EU North (Stockholm)
f770bd54-fb0a-4b17-a8f8-ed749271eb3f	CA Central (Montreal)
267fb1d2-36a5-421f-94d5-f6f7774c54bd	US Central (Iowa)
d7d8619e-867b-44f5-9b58-c9130508e75c	South America (São Paulo)
f1d010d7-8d58-4560-ab1a-9829952d45d0	US West (N. California)
0820891e-cafe-488e-af3c-9dd7ceb3f983	US Mountain (Utah)
b0fcd06f-fa11-416d-8940-3acbefa67c43	EU West (London)
2953b3be-fe20-4088-9b04-e7675507302f	AP East (Hong Kong)
4d4a9eb0-5a20-47a8-8980-c212bd4a38e7	AP East (Hong Kong)
6273df9f-d8cd-494c-8377-f0df725b3bd1	AP Southeast (Sydney)
043870c0-2dce-4f96-905d-2750221f8e88	Africa (Cape Town)
c787b64c-0bcd-46aa-b30c-0ea924b1d52d	US Mountain (Utah)
dcdf8166-0b5e-42ce-ab04-4189baa705f8	US Central (Iowa)
d63ae3a2-45b9-445a-a7b6-51854a0f42c2	Africa (Cape Town)
005c7171-709c-4613-8957-09b07637118d	EU North (Stockholm)
5ab784ce-391d-455f-b5f2-a5ede330859f	AP Southeast (Singapore)
6bc23d83-8f86-48f0-8d39-4e265794e62e	EU South (Milan)
c3287659-e203-4af8-b42a-0b8dae6739d8	AP East (Hong Kong)
dc5e2e7b-4a3c-45fc-b8f6-225e5dbec412	AP Northeast (Seoul)
ca54ccec-88ea-41c3-9d5c-61047312e594	US East (N. Virginia)
1fdccc3a-927c-4b4b-a0d1-6ef42d6e81d7	US East (N. Virginia)
414a09b8-6bec-44d3-888e-8955c086c0a3	AP Northeast (Seoul)
44abb1a9-4b58-4176-95e6-f4768d3c1ccc	AP Northeast (Seoul)
59fc1f7a-ed55-429a-beda-8605829d48d4	US Central (Iowa)
889cbdd4-85c2-470e-9f57-cec7521833ad	AP Southeast (Sydney)
21117d77-f827-4938-8175-5e9ea7d1c7a2	US East (N. Virginia)
79d2b317-6025-4627-86bc-9a4a5f95fbdb	AP Southeast (Sydney)
09e31986-1915-439b-92cb-b36e4032b1eb	EU South (Milan)
e2d4c93d-ea3b-4f25-9b2a-3aadac54ed97	US West (Oregon)
f0f49fc5-edd6-4008-83bd-d06ae156f6a7	EU South (Milan)
902f905c-54f7-49cf-8e08-9f42df088e66	AP Southeast (Sydney)
91f9b9ba-f08b-4191-be2f-8b27ac5dea5e	CA Central (Montreal)
7ae53ff3-5720-441a-9a5d-e54158310512	AP Northeast (Tokyo)
3af75182-3e4b-4c4d-a402-6b73f29f9bd1	EU South (Milan)
62ecf86c-1c57-43e2-b218-726a97067045	CA Central (Montreal)
a0c6bcca-eed0-4c02-8b4c-5beffc47841b	AP South (Mumbai)
4b8df2e0-3a94-4f42-baf2-27a8522243d0	US West (Oregon)
c0919939-635a-490d-9419-05036d9966c7	EU Central (Frankfurt)
44459814-b70a-4993-8f02-3d7b9d623354	AP Northeast (Seoul)
ba40005b-1642-4420-a040-8831c8393c5d	Middle East (UAE)
8b0c4a0e-2172-45c2-a63f-4f6d369277f6	US West (Oregon)
1eeeb5d5-9311-43a6-b85e-83ea910d6b60	EU West (Ireland)
15278875-2b7e-4f9b-bc53-6998cab5d447	EU North (Stockholm)
82178db8-acbd-49ce-9c3c-dd0d3cc1abe9	EU Central (Frankfurt)
740a62c1-57f6-42bb-b01f-8b5b084a9765	AP Southeast (Sydney)
a62ac8ae-6f20-4824-8940-bbe1b365bcbc	AP Northeast (Seoul)
d1571628-830e-471d-91c1-0653dda4d7b9	Middle East (Bahrain)
afb06846-09ff-4941-a5f4-c88cc29580bf	EU West (Ireland)
85528d42-81af-4152-ab26-b90a933db46a	AP East (Hong Kong)
0dcc70a4-4b41-4784-8323-775dd1571900	Middle East (UAE)
c622cdc4-0032-4237-8d1e-c6b920fcac27	AP Southeast (Singapore)
c66cdd64-8c57-4bb2-9f6c-649a93bb2fa2	AP Northeast (Seoul)
bfe1fb3f-1e63-4c5e-9c01-4ac15c9f86e5	EU West (Ireland)
9f6d4559-d165-4d3a-97e0-b0b4f76e8143	US West (N. California)
6356fd6c-2d63-4c10-8ac5-3a2ebdfc9b08	EU Central (Frankfurt)
fedc1472-6e3c-4fb5-84f4-b091abc47383	AP Northeast (Tokyo)
d3b43baa-5dd4-427d-8273-707dbe2cd169	AP Southeast (Sydney)
09dfc660-9f99-4987-b6b8-e7b817ca1e8e	AP South (Mumbai)
45700fcc-0853-48da-bbf5-4e4cc7b2906e	Africa (Cape Town)
9871669c-4994-4f61-b8db-e1e38286607c	US East (Ohio)
6d5ae335-b35c-422d-b4ff-486b2119abfe	Middle East (Bahrain)
2d06848a-5191-4f26-98fd-45751d0adede	US Central (Iowa)
363c22eb-9178-4ff1-9905-d0fc96aaa014	EU West (Ireland)
2fe8208f-88ea-4926-915d-656d473c6aa0	EU Central (Frankfurt)
6d572025-08f4-4145-9e1f-9f50e04cc4d6	US Mountain (Utah)
e816c557-7e78-4994-a611-edecda9338ed	South America (São Paulo)
a0358a6d-27e5-4c68-a2d5-ab81a2f65d84	South America (São Paulo)
3b2e0350-1789-4d85-9405-2a598038b39b	CA Central (Montreal)
2b8c1dad-5944-400d-a835-3b3f89f77c62	EU North (Stockholm)
bf2164d6-9a34-48bc-8271-90527f2a3b43	Africa (Cape Town)
52204615-02a3-4437-ae35-191c00b9866a	US Mountain (Utah)
5e9273b1-a041-4396-9bd2-2c2625f37b89	EU West (Ireland)
64e51051-471a-4234-baa9-d11b6de911aa	US East (N. Virginia)
9654f1bb-81fa-4505-ac5c-f080432202e5	Middle East (Bahrain)
7f915763-678b-4ad0-b2a3-acf5480b9fec	CA Central (Montreal)
e06ff316-3bf5-44aa-b773-be87c8009fea	AP Southeast (Sydney)
6e97a1f0-1c05-479e-9b8d-7e98948f99d0	US Mountain (Utah)
59b4960e-8278-4cc1-a956-82701853b708	EU West (Ireland)
a99fa5be-e21e-4fc6-85d8-cb7849a07ea9	EU Central (Frankfurt)
b79741fd-3b5a-4763-b44e-8b2fc654f709	US East (Ohio)
2dbe662b-16be-48c2-87de-df3b03b8ca56	EU West (London)
70bdfd99-a69a-4900-8d21-f50058cc41b8	AP East (Hong Kong)
ee3a9aad-1c4d-474e-bb72-db0e9b6fde27	AP East (Hong Kong)
b1fbee9e-7f56-4caf-8fa7-8c55de4a64dd	AP East (Hong Kong)
2867e814-ace9-4dd7-85e0-c3165ea2180f	Africa (Cape Town)
2ce62f94-0406-48bb-8da2-2d3e561835fe	AP East (Hong Kong)
4355b1e5-8ea6-4c0a-af60-3753dab17216	US East (Ohio)
7d7770d9-7954-4fc0-87ce-dd8df8c95295	Middle East (Bahrain)
590e8abe-d586-4525-92f3-67c8458e5c4e	AP Southeast (Singapore)
ba9315d0-58a0-4d7e-bf38-ccef616e69fa	EU West (London)
a0c05ae3-c159-4bb9-bb39-817138b3d6f5	US Central (Iowa)
07207c8f-bac2-4b9b-9499-2c3917604ef0	AP South (Mumbai)
68329fa4-06f3-445f-b520-277fcfa953ce	Africa (Cape Town)
79b0634d-8076-422e-b2d7-04160cf46ed2	South America (São Paulo)
bba24db5-6634-4c59-8bd5-2df1447ecd5c	Middle East (UAE)
94b4c468-e508-4392-a71b-bd8ba09042fa	US East (Ohio)
d374b646-c4a4-486a-a6e4-8f21b01d08a9	EU North (Stockholm)
7c18acec-6889-49b6-8515-bfe629ef6cb0	AP South (Mumbai)
66298e45-70ed-4f6c-a1dd-5406f6427b5b	US West (N. California)
60d39644-d3c6-4b94-9e95-501aa1ef6417	US East (Ohio)
1504046b-6e4b-4515-90c4-4d5bd340b8f1	US Central (Iowa)
a03e54a3-a828-4dc0-ab7d-835cf56060fb	AP Northeast (Tokyo)
483661b2-40a6-4141-91f9-a21a6a80c8a7	EU Central (Frankfurt)
38418a93-0fda-4b20-b562-61dec433cbb8	AP East (Hong Kong)
12780cea-2ee0-4c2b-8b6e-6819b44cf87c	AP Northeast (Tokyo)
93370680-d709-4f9b-918b-63f23552a337	EU West (Ireland)
be2a3884-6b8a-4a0b-809d-84dded25a808	AP East (Hong Kong)
4c3c4934-a06a-4c68-a3f4-72e5dea60bfe	Middle East (UAE)
04783410-8abc-4704-8550-76d52341208f	US Central (Iowa)
6f69022d-d916-46f3-8bc7-99085e32073c	AP Northeast (Seoul)
a59d3641-2264-4160-8e2d-2b20237f0fe4	AP South (Mumbai)
118f5054-f88e-4576-9fc8-9c342ef0b225	US Mountain (Utah)
ff91c178-5a28-43ec-b91f-31956a3a0195	EU North (Stockholm)
b36c47eb-7dfd-4624-9993-bd8b3f9205fd	US Mountain (Utah)
e5440674-fad5-4451-af9c-2fa4d3661a5b	Middle East (UAE)
4a9f41d6-242c-45fe-b973-1d8ca0d94679	AP East (Hong Kong)
2467141b-376a-414e-8670-5be78ea22e8d	US Central (Iowa)
ed63247c-cfe5-4273-9a78-060019808b57	EU South (Milan)
21fc8fb9-6b00-453d-8d88-309bfcf663d3	US East (N. Virginia)
95f50548-1300-4ca3-bdbb-2806231af5a8	AP Southeast (Sydney)
b75b1e91-b35b-410c-a165-8c4ee9804750	AP Southeast (Singapore)
67809978-5d20-4f33-889d-7abd78b0c0c2	CA Central (Montreal)
99314d63-fb34-45ef-9ae3-0b89b6dcee39	US West (Oregon)
609176df-a755-4e17-9ae4-2e89326a1c72	South America (São Paulo)
c5c6b3e1-4e4c-4e26-952f-2d8595533339	Middle East (Bahrain)
5e47696f-d72f-4a36-a236-0bdda9506263	AP Southeast (Singapore)
d8a1c3e4-8021-4b74-9507-d46e5e61386d	Middle East (UAE)
019ddf89-7f06-4a47-9a53-4b714da714d0	AP South (Mumbai)
f4e8116e-c863-4734-bf82-7d84bba2d27f	EU South (Milan)
363cb50f-b8a3-4c65-88af-93a3b773d247	Middle East (Bahrain)
f44db146-248c-4bb6-8cfc-4fe33aacf87e	US East (N. Virginia)
9fb2257d-e9df-4da2-ae01-29ce6259b995	AP South (Mumbai)
f973134e-5383-4759-9aa3-ace20fde3cfc	CA Central (Montreal)
ed5a26e5-b156-41a4-9c42-b2a881ca85e5	Africa (Cape Town)
b3ae9fa5-454f-49d3-955b-a20e94e09a52	US Mountain (Utah)
db8651e4-9786-48d5-bd94-d73e1699b63c	EU West (London)
2f3bfea7-b3ab-4022-850c-9910e3dd700d	US West (N. California)
fbb4be0b-1e35-467f-b6e3-9e2a6da72929	US Central (Iowa)
89e43df9-cf3e-4dc7-9d80-9865d98fcc84	EU South (Milan)
240c9560-a3ca-40fb-9312-8123345e2808	AP East (Hong Kong)
23b54436-2423-4476-9e44-23cc35f7c663	Africa (Cape Town)
3fc09df4-db5c-457b-8dc0-995a0c6b7b4d	EU Central (Frankfurt)
81057074-c9a0-47ed-8aa6-fa85a7665cfa	EU West (Ireland)
035a209e-1b68-4b5b-9c2a-ca1b36b3fefc	EU Central (Frankfurt)
f13fb96a-6e90-45bf-b150-09a0f8dc2044	US Central (Iowa)
b1ef178d-0e98-47d0-9b7b-f5e12401269e	AP Southeast (Singapore)
f22c52ea-2847-4f06-874e-d9ad10deebe5	AP Southeast (Sydney)
6fb3e5c7-591a-4b0d-90f1-c07ecc203a81	Middle East (Bahrain)
3a4b665b-fe5a-4c1d-985c-6b21fe914a20	US East (Ohio)
f0b31569-044d-4ec5-8afb-665597833852	EU West (Ireland)
1779988f-bfb4-4b06-9bae-46e94c82f60a	US West (N. California)
99fa1936-5169-42ce-afae-f4fb38b6416c	CA Central (Montreal)
a88c0ad6-43f6-4460-8634-0ac54a57b985	Africa (Cape Town)
cfefa047-3a51-4efa-871c-e519fe9628a7	EU West (London)
5d691823-f4f8-4758-9056-b578f48ac1a3	EU West (Paris)
aebd6656-f489-4ec9-bc7a-101cbe8ed238	US West (Oregon)
a9220978-8384-41c2-af01-bf1c0f0aa22c	Middle East (Bahrain)
e3951871-afac-4a85-b353-d5f97757aad3	CA Central (Montreal)
3179a8d6-dc2d-4388-9335-795cb05f14f5	AP Northeast (Seoul)
82d16e8d-d655-4157-a05b-bb0b6b46ba17	South America (São Paulo)
41fe09c7-8fc3-49e2-a184-1b6599260278	US East (N. Virginia)
5af626c2-0f90-4ed2-b986-fde374dc20f9	AP Northeast (Tokyo)
6567412f-4977-4a38-b08c-3487994d794e	US West (N. California)
da319908-b4c6-4b03-9d37-9d6db2c16c50	US East (N. Virginia)
68b5d011-b9dc-4f74-bd62-4bbad94018f1	US West (Oregon)
b7530aea-d1a9-4225-ad12-29d91b8c64aa	Middle East (Bahrain)
a205e1fa-728b-497b-aadf-1c7a5ab85534	EU West (London)
513d4c3e-f0df-4987-bd96-38f0dfe306e6	Africa (Cape Town)
e82a6c38-6c5c-4048-b3a5-7bf001cf3b58	AP South (Mumbai)
3a9c57f7-8735-4d47-9cd1-25c885c1ffdf	US Central (Iowa)
87882509-ee84-44eb-bf03-a3c819936939	AP Northeast (Seoul)
6d435c3a-3b78-4543-a5da-c757dceb5b71	Africa (Cape Town)
860995c7-cfaa-4fe2-9b61-b3e5fd6a3777	Africa (Cape Town)
b16560d9-018f-4ae8-9bdf-175fa48c69db	EU Central (Frankfurt)
4e5eb298-bccf-45a1-bb18-757cea46c1b7	AP Northeast (Seoul)
c8a97e4b-b967-4faa-a256-9f9d026a148a	AP Northeast (Tokyo)
f894ce9d-e108-4cd1-90ae-6bebfdfb9b76	AP Southeast (Singapore)
3cdb5b90-c79b-439d-81bf-aaa13d5a6633	EU West (Paris)
61dc5300-9f1d-47de-82ac-e900ca877b7c	US Central (Iowa)
cca18ddc-f94b-45f6-b4ed-f33e6a401fb8	US West (Oregon)
41cce4b5-6206-400a-88c6-760519b99657	US Mountain (Utah)
a17a4ebf-d595-44e5-bb4c-71f783e7a796	Africa (Cape Town)
48b134ea-efcb-4e34-94e1-291b4bf4f856	AP Northeast (Tokyo)
8ec567c9-0c30-43f6-8e61-72c2ddff60be	AP Southeast (Sydney)
2d507973-caff-4595-a9c3-4de3d8157c13	Africa (Cape Town)
a3e4e2b0-ac86-4a89-b5a0-85f399458537	Middle East (UAE)
46a27799-0341-42f2-ba81-bb5df0b1fbc4	Africa (Cape Town)
ab0c47cf-2f3d-4d31-8180-bda5b1e54eba	EU West (London)
117cb56f-ec1f-4cfa-9294-b2509e62b1bd	Africa (Cape Town)
577f2ec3-7d58-4552-81ec-eaa404f17bc6	EU Central (Frankfurt)
15212727-73e6-41a8-8a27-0d8a83659317	US East (N. Virginia)
861cedb1-1796-455f-8862-5cc357eacb3c	CA Central (Montreal)
c4bc5a0c-9fb7-4560-a1b5-ec6ab962af89	EU North (Stockholm)
4a08fe8d-e144-4cf6-8565-9cf55186e039	Africa (Cape Town)
30cd453d-933a-44a3-a183-b2b395134002	AP Northeast (Seoul)
c05ee9e8-d0a6-4c0c-acab-a9fa5f98e0b3	AP East (Hong Kong)
8d3b2701-9c26-4b05-b323-e2c7fb72d583	US Central (Iowa)
d1ee5290-40b4-4908-9dfb-693161ec0798	AP Southeast (Singapore)
80954663-6a6b-4649-8ffd-56b8ce482bfe	US Central (Iowa)
8e63e7b3-a9b9-4185-90ce-0086aa5d6a73	AP Southeast (Sydney)
bc5fc016-e632-43ac-bfed-95106c80609f	EU West (Paris)
b340926f-1e93-4b13-8ab6-e909bcf61251	EU West (Ireland)
f9f80d21-89d1-45fc-855d-d607afc3591e	EU West (Ireland)
d6b7fd36-fc03-4d7d-8167-b551703f0580	EU West (London)
de3a74a9-f6f5-401d-99d6-62abfea2d2cb	AP South (Mumbai)
a54eb7a4-3147-4dfa-8f78-52b6f1709fe0	AP South (Mumbai)
1543e195-3b86-4dcb-ad07-1403d42eabd6	US East (N. Virginia)
11be2606-a310-4e2a-b554-0c2d95102ca6	AP Northeast (Seoul)
00e1042d-a2cc-4911-972c-6a753203d079	EU West (London)
f11d4cbe-385a-4f22-a981-cfc58872c7bb	US Mountain (Utah)
4f3e9f77-bc4f-477a-b1cf-42f04f197e97	AP East (Hong Kong)
e3da829c-4424-4ad2-91ba-10957a3dae34	AP East (Hong Kong)
b868df4a-6b3c-4155-8ccc-f7159b6c5ca0	US East (N. Virginia)
96c977bc-6c28-4ff1-9b42-108371b52573	US Central (Iowa)
3fa10224-be8c-4136-93e1-0c382f02a3bc	US East (N. Virginia)
fe49f7c1-6d61-4f90-be4b-a9dad8cff108	US West (N. California)
b12c01b4-8909-4dc3-be1a-65f0ed268ab7	CA Central (Montreal)
f6cbfa6a-d028-4fde-a0ee-e24113351ba5	AP Southeast (Singapore)
8990390e-1b74-4d59-bb77-cffcb719185a	South America (São Paulo)
d6f41a7f-bf13-4a01-abbd-6a04c2e13948	US Mountain (Utah)
3c9b96e3-5e1c-49bb-be0f-a144fe60895a	US East (Ohio)
e0730c89-d2d7-40e9-ab37-6d023d5ab180	EU West (London)
a8a16538-e469-4714-8bd0-c77abbca45bc	US East (N. Virginia)
e448578a-b4eb-4305-a42c-4121d74c0dfb	Africa (Cape Town)
e1fa1151-acba-4978-a8df-2ce002c8f33e	Africa (Cape Town)
8fbc2f62-7f72-4ca8-a970-ca5bd7cc830d	US Mountain (Utah)
a74837fc-56b1-40f2-97a1-76edf0e79bcd	US East (N. Virginia)
59b61e07-4cdb-45de-b958-e01683836848	EU Central (Frankfurt)
e3f5c5cf-6033-43d2-90be-c782890792b1	US Central (Iowa)
7852e19b-b3cd-4e68-bc83-6d55b710a0f2	EU Central (Frankfurt)
381cdb54-3541-411a-8296-df371da43ee6	EU West (Paris)
e2743b7d-e755-4955-83fd-37cf7b55c002	US Mountain (Utah)
72e0f077-3f5d-4bdc-af28-d7b6bed63840	US Central (Iowa)
26279385-21a1-4568-82dc-8282ce21fc53	EU West (London)
3ba80179-ef05-4982-b58b-31b04d20ed01	EU West (London)
ed9a7712-1b16-4af7-a537-40ce92b97e52	AP Northeast (Seoul)
3b3820bb-927a-4881-9b8f-82b1fe1652af	AP South (Mumbai)
a140bb08-2c40-47c4-8b1d-26d67f6eb8cb	US Mountain (Utah)
cd108188-4408-4afb-9396-500b1a3957c3	AP Southeast (Singapore)
7bdad26d-cccc-4c85-963b-083c4cad8dd6	EU North (Stockholm)
74155b2f-d25f-40a9-b3ea-8b7f1377c079	CA Central (Montreal)
0feefb09-0f15-4fbd-a932-d53bf04a8463	EU North (Stockholm)
95a65d12-c5fd-42e7-a588-ea9260728e02	AP South (Mumbai)
66a134bd-7a2d-4b31-a871-50fd5a91c8e6	EU West (Paris)
abf21900-e093-435f-924f-9b4fdafb8288	US Central (Iowa)
6aa14d37-1125-408a-99bf-f4f0cbbf6883	US Central (Iowa)
2ec7d5eb-edfc-4883-abaf-a4d858a0a3a1	Middle East (UAE)
2c276cdd-a5fa-4472-816f-875f4a34c4c1	South America (São Paulo)
c863dcfe-7f0a-4c69-82b0-676e5ba540e9	AP East (Hong Kong)
c5cc4e83-056e-4ca8-8050-4740b634751b	Africa (Cape Town)
47347464-5ac3-4b18-8dc4-ad75f08c770d	AP Southeast (Singapore)
e170a197-3121-41ed-a698-d0a3c928b6b6	EU Central (Frankfurt)
07e29c4b-d537-4c76-829e-3ce39fcdda6f	AP Southeast (Singapore)
7daae665-3af8-4ecd-acc8-7ebdd77ce908	South America (São Paulo)
532cb391-5bbb-4a22-859f-0c29598c371d	AP East (Hong Kong)
2e50f069-ad5a-4628-8ba4-058184c29a68	US Mountain (Utah)
a74a347c-a6a9-4594-8547-2c39d5fe75ff	AP Northeast (Tokyo)
2148a8b4-27e3-41af-abf1-76f026113f6e	AP East (Hong Kong)
82558221-f9a6-44c9-8250-fc9764f4cde2	EU Central (Frankfurt)
00700ae4-9b0f-4254-b374-07f7da901b7e	South America (São Paulo)
4d664482-808c-4182-b580-755deca55e89	Africa (Cape Town)
5245db84-e9af-4c63-817f-2c938f204597	AP South (Mumbai)
ffaa8adc-9b9a-4216-8f3a-f25189fd70a3	EU Central (Frankfurt)
6878675a-2213-4d9c-85e0-61a2bdeb0934	AP Northeast (Seoul)
b53900a6-945c-4930-902e-80f0fb5bb167	EU South (Milan)
2b11003e-5e3a-42a0-b31d-8df73541e352	Middle East (Bahrain)
b46758c4-7f0f-4c60-8266-911189628e21	EU West (London)
6df6c28b-6cab-4500-bc87-17a24fe79c50	EU Central (Frankfurt)
c6336abb-541d-4523-8b51-7a3cddcbe0e0	US East (N. Virginia)
6a63c10e-0bc8-4a3a-9c03-21be2859974e	Middle East (Bahrain)
83b2db3e-66e7-482c-bfd6-da35174bdc29	AP Northeast (Seoul)
b80d86ea-d9fd-4b02-9412-65e289ecdf53	EU North (Stockholm)
c491ab81-dab0-40fe-93cc-9e380da26194	AP Southeast (Singapore)
4a32cf5a-3616-46e8-8eab-7c6e765b422f	US East (N. Virginia)
2ef8cc5c-8d64-46e2-af10-7fe71b0ea905	US West (Oregon)
b7a883cb-1a7f-40af-9186-e314842a0b9f	EU Central (Frankfurt)
ce7bd3ab-3d80-48c1-b8f7-bcdc42728fbc	Middle East (Bahrain)
5475ab8c-22d8-4076-baf2-007d39273843	EU North (Stockholm)
ed4f6069-52a0-4c6a-b390-80e04b4f428d	EU West (Paris)
00748a43-a200-4964-8c83-564fdea4ea3f	US East (N. Virginia)
69b83570-0137-4b9d-a3f2-35593d40f29d	AP Northeast (Seoul)
19db7a32-67a1-4771-9a0d-2b223848756d	AP South (Mumbai)
e69851ce-3a7a-4cbc-abfa-6c7de18dbc7a	AP South (Mumbai)
691afc2c-8ccd-4b6a-b26c-8fcfcf33877b	AP East (Hong Kong)
6e681067-72cd-47f3-bdec-e74c5c00f172	AP Southeast (Sydney)
295be94a-24f9-484c-834c-8e22d2e6ba99	AP South (Mumbai)
96f0ac72-e0dc-419b-ac9e-6db619459203	AP South (Mumbai)
3fff7b24-2561-4903-848c-168a18df4902	US Central (Iowa)
e869efad-a503-48a9-bf18-42dab0d11be8	AP East (Hong Kong)
3433c5e2-21ab-46bc-8358-fe654a9de807	US Mountain (Utah)
07af97a6-df19-45ed-a133-1c45654af182	AP Northeast (Tokyo)
c2a627e1-d57d-4d47-b0f6-c8adb62f69b4	CA Central (Montreal)
4f45f7db-f730-4605-9471-af4a0fc72a9b	AP Southeast (Singapore)
afedbd11-a724-4b06-9083-190fca222393	US West (Oregon)
fcc31932-fd1f-4696-aafa-142762e6026a	AP Northeast (Seoul)
31a93298-156c-4166-bfe0-5d0c0ed65468	AP Southeast (Singapore)
ac12b302-9be9-4d85-88a5-83e9e5040b9d	AP South (Mumbai)
0e31e9ac-834b-4bb3-89f0-a694c760dbc8	EU West (London)
0f9f3851-62f6-405c-9fcc-b8094b457df9	AP Northeast (Seoul)
043e39fd-3d1c-4251-b57b-c046963be4b6	AP Northeast (Tokyo)
f2847ad8-0518-42c8-9d23-693f50ec3120	AP Northeast (Seoul)
0d898f2e-6d65-4d97-af92-e724dc1f3484	CA Central (Montreal)
b40d0947-03b5-4802-a2cb-5b3a5fe7b4d9	US East (Ohio)
65cac1b5-c5f4-48f2-b1bb-b1f7bb308f17	EU West (Paris)
a7929dbd-27b0-4a1c-91b8-c52e8d1ef758	EU West (London)
ab854862-d5a9-4e6e-b9fc-52f660a20016	EU North (Stockholm)
d45529db-4bd1-42a5-9cec-507d1a5f7142	AP East (Hong Kong)
92a531dd-7b43-44dd-ac52-f8f69a325649	US Central (Iowa)
074eb74e-2613-4d75-b8d0-11d6be17466d	EU South (Milan)
1a347113-c480-484d-abc9-173799c2a092	EU West (Ireland)
578adbd8-139f-435d-9fc7-d331fe5a43ef	AP Southeast (Singapore)
cc017466-91db-4cd9-909f-31deaa6048d7	EU South (Milan)
6f231402-964d-43f6-bd77-6f3bbfae32a4	US East (Ohio)
025b47c4-7722-4065-812e-c542a0d26dc3	AP Northeast (Seoul)
d486801d-f2ec-4e19-8a85-687712ca6f7f	EU West (London)
6508df89-3da4-43c8-9dd4-0734e1c858bf	AP Northeast (Tokyo)
0d2fdcc5-3fa6-4084-8900-df5e6eb76005	US East (Ohio)
1a1e7f5f-f6c0-4f94-8ea4-145a701ca832	EU Central (Frankfurt)
4ebdd903-2e21-4526-b908-70718702285e	AP East (Hong Kong)
1a693fc4-6fa1-481c-b2b2-328c5594fca3	US East (N. Virginia)
de0a6c1e-738a-4cf1-8785-dcb8e3b96ac5	Middle East (Bahrain)
43e66eff-69c2-4cce-876e-9252dd0a97b7	South America (São Paulo)
a5c18d4f-c775-435a-9af3-753ed84ce84c	AP East (Hong Kong)
4e4dbc26-84f7-4498-a6fc-ccc40308f7c0	Africa (Cape Town)
cb7803db-493f-4c20-976d-26d76bc628f7	Africa (Cape Town)
d2176b33-dbf4-402b-84d5-9fd46204f417	US West (N. California)
816baa0d-74c7-4c12-bd67-4dfdf5bf389c	AP Northeast (Tokyo)
5d5d1260-605c-4db9-997c-bf44340e6ada	Middle East (UAE)
af57801c-c5a7-47ab-8835-f43de297ef9d	EU South (Milan)
ab8b4148-f69e-440b-b902-60deda9374bb	AP Northeast (Seoul)
7220680f-d7e4-4968-8600-be6d9d4901cb	EU South (Milan)
1fe82a22-d7ae-4c79-80a4-d4e2f604a76f	EU South (Milan)
c7c3366b-7f71-40e8-b89f-869e997baecb	EU Central (Frankfurt)
4d4c01be-46f7-425b-a926-cd5ca7f34ffa	EU Central (Frankfurt)
f3f0f37f-744b-4eb1-81c5-61b42469ee87	EU South (Milan)
69dbf6f5-9c00-4e40-a319-919f1b52a1db	AP East (Hong Kong)
4242572a-75d3-4cc9-b45e-bd3fd7eabac6	US East (N. Virginia)
82e82650-d722-44af-a072-5645ba477da6	AP Northeast (Tokyo)
0855a8e5-d36d-4f35-ba95-d35f75b84b57	Middle East (UAE)
cff9f28b-5379-47c3-89b9-f1f873014327	AP Northeast (Seoul)
195cbd5f-f7f3-4b45-b7dd-cbf226ee88af	EU South (Milan)
bb29ee57-0c27-48d9-a8a1-acf5a9ed5f88	Africa (Cape Town)
ae58cb2c-2c19-420b-89a6-9fc32d09220d	EU Central (Frankfurt)
47573cb2-c2f2-4bbd-8b90-e0feadc2970a	EU West (Ireland)
5e5874fe-b4fa-4834-afcb-2d1796cb6421	Middle East (UAE)
6976489a-7859-432f-82a4-dd4248b9079d	EU West (London)
a9eb4900-076d-448b-9471-4c6bea992354	EU West (London)
fa85bb7f-6c41-438f-b0b1-6f9313f43359	Middle East (UAE)
37b84aa8-dcb2-4d35-921f-3c998bd2e0ee	Middle East (UAE)
7072ee24-b02a-4fc7-ae74-fe8e2b4ffa1a	AP Southeast (Sydney)
0598c016-54d8-46db-8787-2711eb131b0b	US West (Oregon)
2f17893e-a13b-4f73-95d7-39f67ca42991	CA Central (Montreal)
3f986a0b-4272-48c0-b87b-386c909a9815	Middle East (Bahrain)
fe47c0b7-2a82-4c5a-8f90-bd49fe0cdded	EU West (Ireland)
0742f78a-5f22-4f4b-aba0-23202347475a	AP South (Mumbai)
b49b4948-cb46-43b2-a8ef-faa604917c8d	US West (Oregon)
ff145d68-ca24-48f2-b138-01010fc7335c	AP Northeast (Tokyo)
1e1784f1-2163-4cbe-af01-7e9cd8f35c99	EU West (Paris)
ec84804f-8228-40a9-8a9d-8fad52979a84	EU West (Paris)
7783b24a-6217-4905-948e-7cfb264725d4	AP Northeast (Seoul)
18bbeeef-0081-45fd-aa0b-689449b5901b	US West (Oregon)
6bad8db2-79f2-489e-b15c-bafb0f8b675f	EU West (London)
2fa5004d-cb22-4620-a882-3031192a78ab	EU North (Stockholm)
f73a6a7e-a28d-4850-a187-8f8eeeddfd04	EU West (London)
fe68b828-84c8-430c-8d55-6909cca38a95	EU West (Paris)
8b4866d8-7ff4-4d5c-b804-6a23c601a5f0	EU West (Ireland)
1b00ae24-ee35-464f-a3ba-40be2ddcb133	US West (N. California)
d80780fa-3485-46ae-a46c-5ac582f6c2c0	US West (Oregon)
d0ac2522-0896-4ca2-9f3b-f62c8917a966	EU South (Milan)
c963ebd8-db81-44e4-a705-c1190602760f	EU West (London)
1c41e380-a5b8-49da-90ec-c6d5d973ba7c	CA Central (Montreal)
1f11973f-dc53-4788-816c-e09dfc97739e	AP Northeast (Seoul)
b4b8547b-b06e-44a6-a2ad-9ec38d99e6d5	AP Northeast (Seoul)
6e3a853c-8bc6-4a93-b8bd-89a838818283	EU Central (Frankfurt)
f1db1859-8c03-4aa4-a9fe-99d0bcb7900e	AP Southeast (Singapore)
68fc9818-ff22-474c-9539-c842e8aeecad	EU South (Milan)
c454dc9c-8738-407b-a127-e4eaa3e90d30	EU Central (Frankfurt)
663cdd5d-d809-47dd-b0f3-364876ef22c5	Africa (Cape Town)
28e8c071-5e3f-4f48-918d-d45af7cfad3d	Middle East (UAE)
3b65e11d-b554-4f6f-a358-fdc70120b216	AP Northeast (Tokyo)
c47d65e6-bcfc-4894-9a6f-d7952fe99563	US Mountain (Utah)
ffea7d96-a51a-4a0c-ac8c-4cbf83b44222	EU South (Milan)
b2dca510-57f0-4cdd-85f9-08878393b38e	EU Central (Frankfurt)
19865089-98ed-4590-8f2a-099d0cf11eb8	US West (N. California)
e2ef31d1-06d1-469a-a892-67e53dba8ee3	Middle East (UAE)
d5b5ff3c-2dad-4ea5-a6ba-efa81666829a	US East (N. Virginia)
78b4c21f-f276-4c17-be74-4894188f43f4	AP Southeast (Singapore)
385d170a-a822-477f-bf46-2b00a26d9da7	Middle East (UAE)
6aaaf45b-b2cb-46cd-9278-8fc9d7906f58	AP Southeast (Singapore)
13492db0-e9e4-44ad-a62c-1d76c4ccedd0	US West (Oregon)
61126fa7-9f69-4377-84b2-1e62e81567f9	EU South (Milan)
65141516-a43d-48ff-8f91-ef976b335241	EU West (Ireland)
ef667624-b358-4a2f-bf75-501b6f32643c	AP Northeast (Seoul)
74c542a9-d551-4a0b-9873-5982e053e33d	US East (Ohio)
f4766c53-8de6-48bc-b5b7-00ff5fc7af16	EU South (Milan)
2d3b9ffb-e166-4024-b3db-c00ac276173e	CA Central (Montreal)
75e2295d-23a3-4208-942c-34c0405a044b	AP East (Hong Kong)
f2aed29e-f4f2-4384-89c0-f3bc7ea3f3d6	US West (Oregon)
e1ac3bcc-223c-48ef-8ac5-2cadc8f64451	US West (Oregon)
22c5b619-321f-4ff7-85fc-036662ac3831	AP East (Hong Kong)
d618156a-f11b-45df-8655-a3e935b7a8d0	US East (Ohio)
9be929cd-8e75-4efa-ad20-6ce3c3c1d29a	AP Southeast (Singapore)
11ba67ba-b3eb-4590-b4aa-3cedb78d03d1	CA Central (Montreal)
693e86eb-a2c2-4869-bf0b-ed1473f80a42	EU North (Stockholm)
d4a7fef8-b7e8-439e-ac2c-7281cd16ded2	EU North (Stockholm)
18cd4fa4-5bef-470c-baeb-369ae4b5aad0	EU West (Ireland)
6e059079-79d8-46da-9f76-978d1ebdacbe	US East (Ohio)
76da6589-5b6a-4b8f-83d4-11c3a9e82148	AP South (Mumbai)
257bcec6-8b20-422a-ba6e-d1fb2684cf49	US West (N. California)
308fa372-3dae-47c1-9b62-2a7dc7f1a1c0	US East (N. Virginia)
95806347-f7bd-45e4-83dc-a96b540ba9c1	US West (N. California)
b9c65398-2675-4f79-b968-65e66a7a70e2	US East (N. Virginia)
b7206bd9-3b52-48a4-a4ea-d68fb3c62ad8	Middle East (Bahrain)
0843c253-6be9-41a4-a6ad-5f7204d39b7d	CA Central (Montreal)
49a9fe26-5220-4ba6-9f3a-6e7831dccaa3	EU West (London)
45a232b4-5e1d-40dc-9642-52386c6deb04	EU North (Stockholm)
67f7482d-d753-401a-8149-214272414c16	EU Central (Frankfurt)
9150dc87-6d29-4408-b8d6-c0ec3598155f	Middle East (Bahrain)
2a8123af-3c9d-4f65-862c-7458ff1cbc64	EU West (London)
74f65016-3e8a-4ba4-a197-ea01f11622b9	Middle East (UAE)
5f7959e2-1d94-4e21-8a4f-58fa5954d707	Middle East (Bahrain)
68993163-339e-42a8-9c24-b62037f7cb39	EU West (London)
edad0ebb-9f51-4939-ad8b-e0d2b5a7498f	US Mountain (Utah)
9ed74a81-adab-47bc-b005-231fbf8c067b	Middle East (UAE)
271d1848-08d1-4494-879a-137be17102bf	AP Northeast (Tokyo)
7579daec-aec5-47ba-b9f7-11d77a5894e2	EU West (London)
72bfa61b-ad7c-4bb6-aff8-3139cb66f0e1	EU North (Stockholm)
017c95d3-abda-471b-88c6-9c32e29b26f2	EU West (Paris)
460a37ad-16cd-4413-bf47-88e4efc88e91	South America (São Paulo)
07ddab37-fc6e-4d25-98c6-527a405b589c	AP Southeast (Singapore)
1d927d04-410e-4580-8dbf-985967e261e7	AP Southeast (Sydney)
383ddf19-a735-42b2-a007-cbf46607419d	US East (Ohio)
f5b28323-816c-4f26-87f2-42e87a55c7e0	AP South (Mumbai)
670a4e5a-2660-4f19-abf9-ba6297fcd67c	US Central (Iowa)
3cd294b1-b145-499e-b41b-5838da8fae9c	EU Central (Frankfurt)
2d9b969e-b3b5-4609-8591-dd181c92c123	AP Northeast (Tokyo)
2d1d00e8-dd69-4fd8-8b71-910edb02a443	Africa (Cape Town)
89d973bc-4d03-489b-b985-778f33dcfe20	Middle East (UAE)
bac76a40-a223-4399-8468-16881d1ea613	US Central (Iowa)
f68d4f9e-97a1-47fa-b23f-508bd375fcc7	South America (São Paulo)
8663ef05-0095-4e73-9b89-80e9652c8f8e	EU North (Stockholm)
793f92ac-2168-40f7-945e-cb496f3a3d37	CA Central (Montreal)
0cf05978-0809-487d-9457-50449b49dfdc	AP Southeast (Sydney)
9f307c1e-4f28-441c-adaa-470d8e1a271b	EU West (Paris)
78dc91db-82a3-4be7-933b-b90d004a9a04	US Mountain (Utah)
dd787e9c-7e70-4c9a-b7c9-b566ac8afbec	EU Central (Frankfurt)
1f5800bc-a2b0-4ee1-bb87-04a98fba481e	Middle East (UAE)
5b1a927e-aac1-46f7-a4f1-6d9d69455b57	US East (N. Virginia)
9560e3ac-b051-478b-9f18-9edbdac61a69	EU West (Ireland)
d9c6f4f1-b6c0-43b8-b88b-b87c9bef9e6a	Middle East (Bahrain)
9a8635a1-ecfb-426e-a5e7-a3c70fa87778	AP Southeast (Sydney)
da56e811-3dd4-4dc2-8175-d4c6386217f0	Africa (Cape Town)
a8d44f60-8646-4dee-a072-ad579a0697d4	Middle East (UAE)
30131fee-175f-49ab-b73b-079779cc7dcc	AP South (Mumbai)
f45fe7e7-499e-4c09-870b-534ad9e72181	Middle East (UAE)
b68e7b74-7345-4f8f-aa4a-3cb01ece9323	US West (N. California)
e8585eaa-bd1c-4bda-af65-85a75aaabe48	AP Southeast (Singapore)
2905a4f2-6060-4a9b-8fd8-d888b216c099	US West (Oregon)
5d513d4b-82e6-4cac-b843-e38927edaf94	South America (São Paulo)
5d0d9b79-7a8c-40d4-b47a-e1730266469b	EU North (Stockholm)
411f2906-01d4-47f4-a781-9188abefd08d	US West (N. California)
64b0b132-4c15-4955-84a0-ae87a9e86df4	US East (N. Virginia)
d11db674-830b-43fb-a613-441b235baf9c	AP Northeast (Seoul)
9149e394-c852-4e56-a67d-f03c5b9fafc6	US Mountain (Utah)
24b5b434-8167-4321-96e7-2ed4e259a398	AP South (Mumbai)
82c567b8-7e9b-4338-8973-f748e0a130ea	Middle East (UAE)
0072bc38-7723-4c4d-ae32-21322509d787	AP Southeast (Singapore)
5c7e0204-89d9-4e62-bf9b-1a7a3b3761ed	EU West (Paris)
e5c5952a-76a5-4725-bc62-138e309d2361	EU West (Paris)
ff0dc12c-e04e-4c62-92ef-501460423028	EU West (Ireland)
2c96399e-88a5-45f4-85ff-3bf0cf80cdd2	EU West (Paris)
3294296e-b475-42f4-ba77-d2eaa6c05866	EU North (Stockholm)
f9e5ccec-a6fe-4424-a07d-79b2362a9c64	South America (São Paulo)
c0e6494f-0956-4b69-9ab5-e638177f7bf6	AP Northeast (Tokyo)
31958aa5-b30d-4846-b25a-0503f91cf347	US Central (Iowa)
e91d7027-55fa-455e-89ef-8b8a2c68ac90	US Mountain (Utah)
615c943f-f954-4bb0-a91c-8fc15b736e54	EU South (Milan)
ea2973e8-7451-4dab-a080-bfbb93e7b25d	Middle East (UAE)
8c5b7cf1-630c-4c59-a9fa-09fb85b57105	CA Central (Montreal)
ab39ce9c-208c-4769-9c24-373f1091f1e9	AP Southeast (Singapore)
1a3c6fa7-c372-442a-9ad7-bc94bf2d051a	AP Southeast (Singapore)
7b6b4a97-6cf9-48ea-b466-15522ffae653	EU Central (Frankfurt)
f1dd99e3-d2ac-46bb-b346-d88b78ed99c3	EU Central (Frankfurt)
616ca193-6b44-4f3e-ab13-e97a62a7ef6a	AP Southeast (Singapore)
afd3cf11-375d-4dff-ac4e-c856fde04e63	AP Northeast (Tokyo)
3d4c059c-7f25-44b3-8801-be766121bdb2	Middle East (UAE)
01b30c84-b0bc-4d6c-8d82-2356515a93e2	EU Central (Frankfurt)
6b3d83d9-8ccf-4ef6-883f-cf850fb5c27e	AP Northeast (Tokyo)
9bea9845-02a7-43fb-a18a-89879d51d9f4	AP Northeast (Tokyo)
424280d4-a7aa-42da-91f6-937312539403	US West (Oregon)
aad780cd-2fa0-4b71-8c3a-21d786b59dda	AP Southeast (Sydney)
41c0dce9-13e5-49fd-a2f8-f498c3a1cd3a	AP Northeast (Tokyo)
25ec5fa3-b95e-4cf2-8656-f3a6bf8156c1	US East (N. Virginia)
62933866-2119-481c-b086-9099a55164a3	Middle East (Bahrain)
377a8ff0-7372-4127-b751-ff312d81f8f3	Africa (Cape Town)
8f303b15-f31e-45cc-be82-707f186e488b	AP Northeast (Seoul)
7e39ba3b-8701-4e79-8d53-f31344f0b77a	US East (Ohio)
9fede465-9eea-4c29-bc10-90ba7ed44790	EU North (Stockholm)
db468d62-f557-4d6b-9d7f-aa34a157f05e	US Central (Iowa)
0f143618-e31f-48b9-ae7d-a16982eb0066	US West (N. California)
90727813-ef9b-4cc9-922a-4c100c713000	AP Northeast (Tokyo)
64b0399b-ed09-4944-b206-785ba7a47f56	Africa (Cape Town)
6b7903fc-d4ce-4485-b07d-54f84c21bfae	US Central (Iowa)
d5c7c4b3-22d0-4df8-9af7-917f2ca2d57f	EU West (Paris)
216e19ee-ba97-483e-961e-388c9cae2f4c	US West (N. California)
5b876f57-dc72-41bd-99cd-054a87469e85	Africa (Cape Town)
115192d3-e136-4675-910a-2fb5fa6bcaf5	US West (N. California)
3dd16445-d1c9-4acf-a764-131ecbe62ec6	EU South (Milan)
b571f4be-60a3-4d1a-9072-ff85111baa2d	EU West (London)
dd95b3df-ff04-4c87-ac74-fdd6672627dd	AP East (Hong Kong)
89021665-48d1-4b3a-83a3-cd5c16d94b0b	South America (São Paulo)
2b13da0b-7fc3-4eb7-8ddd-0d683b765412	South America (São Paulo)
2d601fa8-873d-4f0e-8511-03e7f68554e4	US Mountain (Utah)
59e71535-0af6-4abb-a15c-df3985f850ae	US West (Oregon)
dac2e2f4-04bb-4ee3-8783-aefb5b63aeea	US West (N. California)
ebd9a04f-984a-4358-beca-be2effaa829f	US Central (Iowa)
e3977d8d-6c5d-4644-91f9-eda7f9a2668e	EU North (Stockholm)
1c50b2e3-a06a-4bfe-abe5-7689b53ee771	EU West (Ireland)
b9feb3e5-4159-449a-9ab3-abc17377b23a	US West (Oregon)
fdd6c283-b0b3-4c8e-9119-cbc60811f5ac	US East (Ohio)
8f7d6ee9-cc21-4b97-a9cc-e7e7afc8727f	Africa (Cape Town)
626c5c7b-dcd6-4de0-8122-07693bbd2713	US West (N. California)
a0dfba8c-985e-4c6c-b7fb-af01f7a72d9c	EU Central (Frankfurt)
dd46f520-3eb5-4434-a2b5-48668a614449	CA Central (Montreal)
58654358-eaaf-423d-a9ce-1dad68597ab2	South America (São Paulo)
1b59e0fe-8869-47c8-8574-33d320eee4c1	South America (São Paulo)
0aaa834c-6b21-426f-9410-e16606d82dee	CA Central (Montreal)
4250cf5b-fc5a-4910-af11-115730084f6e	South America (São Paulo)
07b78bdb-dfcf-4bd2-bdfd-918803090781	AP Southeast (Sydney)
65ded00f-1f26-4685-a9c7-bb5b0362e376	US Mountain (Utah)
f6156f0f-21da-4ad7-a2dc-9459d61c004c	EU West (Ireland)
5aec5354-909a-4a35-833f-3908126a57c0	US West (N. California)
51c3aec7-322d-406f-ba5b-9b2c69319865	EU West (Paris)
64d97675-e199-47ae-ae35-c347aaea0f06	EU West (Paris)
44480dd5-4aa8-4b64-ab22-0a9d06fd9731	AP Northeast (Seoul)
416b2e9b-db7d-4a93-8f65-1f97fc7a1a53	EU West (Ireland)
be8e25d5-aba4-4dce-a405-2817c3754ca5	Middle East (Bahrain)
03d37c6c-52c7-40e6-a207-2d5292231d2e	EU West (Paris)
e33185bf-024e-49cd-989c-446abeb4c75a	US East (N. Virginia)
0ffbf5bb-4f29-4063-9035-ca41df04cb70	US Central (Iowa)
032b5290-6dd9-4e8b-abd2-18456077784a	US West (N. California)
809b72f7-9b27-4344-a345-56d76de2aabe	Middle East (Bahrain)
46ded4d4-69f7-4762-8ace-890cb73be27c	EU West (Paris)
225ac95b-5415-456a-8d72-e964c912f913	AP Southeast (Sydney)
256d814a-6369-4fbd-a5fa-b90dcae30a10	EU North (Stockholm)
4d765034-6704-4b4f-84fd-0d4eeeb9ad75	US Central (Iowa)
c900fe78-523b-47fb-9780-508f25fb1d1e	AP Northeast (Seoul)
1396bacf-1603-4d11-b415-642d3c9cff07	Africa (Cape Town)
959d0cdb-0fcc-44d4-afc2-fc815fbee8e3	EU West (Paris)
4e799bda-5437-4d50-9716-a046481fff32	AP Northeast (Tokyo)
1dc57aba-ccee-4f97-8561-2da0bea36959	EU West (Paris)
a3d6590b-f562-486c-b0f1-cdf04aa4ce7b	Middle East (Bahrain)
91c9bcc2-2d50-40df-a16d-6c2088fc25c5	Middle East (Bahrain)
20a1a772-1dc9-489d-8b59-937a1cb2c68d	AP Southeast (Singapore)
f6ea0435-1a5a-4d1b-96cc-46106675342d	US East (Ohio)
64bda66d-3da1-46c6-81dc-35f1c39598c2	AP Southeast (Sydney)
147e0aff-cfb6-4a0f-81bb-75d503e59378	EU Central (Frankfurt)
48b30a43-d446-460c-ac4d-b60609c219ff	EU West (Ireland)
f4e0b7c0-b257-4d81-841e-df3494ba28d7	US East (Ohio)
1a693e8f-cd7d-4d2f-aa84-82729da24e2d	EU North (Stockholm)
50f188e5-eb95-4fc6-a607-1aff258bc2e5	CA Central (Montreal)
60261695-dd7f-47e1-902a-a2e33ae1afa3	US East (N. Virginia)
ddd18a02-9193-442e-9e12-e93a7d45a509	EU North (Stockholm)
2c3b990c-1c6c-450a-99b3-26f7333a8f6b	AP Northeast (Tokyo)
9b5198e8-5ee8-4b47-b49e-4e2210e9194d	AP Southeast (Sydney)
a6760c61-c980-486a-b19e-9d80f860f293	US West (Oregon)
a1734edf-7b8b-45c2-99b8-09ed7a122cc8	EU South (Milan)
f00d4d98-e05b-4a87-82e2-5bc493af54c8	EU Central (Frankfurt)
90c9655a-9c10-45ca-9641-d6a6c0371488	EU West (Paris)
801b07bc-e1a1-4c79-8e86-9d4fb67ba811	AP South (Mumbai)
e3305d31-d597-4446-a12a-4312af2eadfe	AP Southeast (Singapore)
94eb118c-3539-48ad-ab6e-4f32b502d18f	AP Northeast (Seoul)
a7785164-e186-4e30-9e1a-51ab9af59ee0	US Central (Iowa)
3bf8cdd1-be69-425b-813c-f774700c8ef6	AP South (Mumbai)
d043a889-2543-49e0-b14c-bf162d870138	AP Southeast (Sydney)
b1583a9e-5ed8-4130-80cd-777c5dc1422f	Africa (Cape Town)
e9bab181-147d-42f7-a6cd-e1fac72bb677	US West (Oregon)
58106142-5c22-4edc-903d-e2777d793757	AP South (Mumbai)
155765ec-1911-4905-834d-ec303c61b1e1	US West (N. California)
ffb3dc8c-8723-48e9-8f64-aa49fe298a33	EU West (London)
0e5a3b08-baa1-45de-a2fd-c076bedd7372	EU North (Stockholm)
bb767a72-9095-4e3d-8218-eb9c2e500e56	Middle East (Bahrain)
868d4298-fe99-49d4-be50-4f3b1beb28d7	South America (São Paulo)
31946d78-2a05-40a1-8857-1d04381e70ed	Africa (Cape Town)
4b594419-d21b-44d7-9624-4b5f8d0fb70a	US East (N. Virginia)
06cb2e9a-3cdc-4528-95ba-9099bf568bc7	AP South (Mumbai)
8a1f6b0b-0412-4805-8461-82755b68caa2	AP Southeast (Sydney)
bff03815-5d76-48dc-8d07-119f75423504	AP Northeast (Tokyo)
65007721-e6c6-42b9-83bc-794b3ec49fb5	EU West (Ireland)
0652c5f7-7f75-4fef-91aa-86c70aba725a	Africa (Cape Town)
26c208b4-5d3b-448f-a3cd-115585e51eac	AP Southeast (Sydney)
87334d00-6e13-45bf-8b69-3f66854a0770	CA Central (Montreal)
3359c94c-1819-4199-9034-49c966819887	US East (N. Virginia)
fd01034c-c70a-43d1-9764-ce9affacc38a	US East (Ohio)
14780d64-399b-498f-ae60-260782477a0b	South America (São Paulo)
f09b9ab5-7aed-42df-93e2-982fe38710e7	US West (N. California)
80464f7a-1e5d-43dc-bbb3-0aa78216c045	South America (São Paulo)
4c351fcc-99e9-4fd8-a156-60bec60a499c	AP Northeast (Seoul)
a59be1da-49f8-4c8d-9d74-8a2fe2ea9054	EU West (Paris)
9ad0a568-a020-4402-84a1-4f15efd8b7ba	Middle East (Bahrain)
2ff8bff8-89b8-481c-a58f-cd6b4bb2a3bc	EU West (Paris)
cecaec91-ce24-4ab0-9c87-9d0c2996ae15	EU North (Stockholm)
0a97228f-c505-4c54-81da-85d7222b7496	CA Central (Montreal)
6cd61c30-c986-454c-ac9f-9af8a9573063	Middle East (UAE)
18c72135-0523-4118-a04c-608db7ae550d	US Central (Iowa)
bf38097b-28fe-42c3-8a8e-fa803c6a16c4	US Mountain (Utah)
b0b7cb61-20ba-49ea-9dc4-b78498ada63e	US West (Oregon)
1c852350-98f2-40fc-b3ce-118d23101ff8	South America (São Paulo)
f0f89292-d0b9-423a-9501-bec2f330f765	AP Northeast (Seoul)
1ef531e0-8eaf-4f27-bf70-b769fa6ecb8c	EU North (Stockholm)
ee8e785b-389f-454c-8c5a-3f079de3e2d9	US Central (Iowa)
ff12fb12-e658-4eb2-ab2a-a02149be9f14	US West (Oregon)
fbce0b35-0bb4-42f1-ad1a-ade64f01ccf9	EU Central (Frankfurt)
8a45d3e9-6225-49b9-8d71-0e76e6204c0c	US Mountain (Utah)
eacec182-06db-4c5f-bd1d-da598af21d25	AP East (Hong Kong)
4caa9ad4-e397-4dc9-8346-833ea41f5d0b	EU West (Ireland)
46169845-de74-4368-9e20-cf3107f19852	Middle East (Bahrain)
623beff9-1259-4c89-a71e-e085688bf202	South America (São Paulo)
3a380006-b543-4b5c-89f9-ca55574ba57d	AP Southeast (Singapore)
367d023d-ab3c-45da-ba60-c073517676f2	Middle East (Bahrain)
3dc3a6e6-975f-4d19-84f4-33d957cc0cd7	US Central (Iowa)
1968e1ba-ba33-4374-a54a-6660840d20c5	AP Northeast (Tokyo)
67840174-3be4-4c17-84b8-a2a67e7086a4	AP Northeast (Seoul)
573d7686-b990-46aa-a040-983a875704d1	AP Southeast (Singapore)
2c9837bf-af06-4dfe-8a1a-8451abbbbf10	AP East (Hong Kong)
30522f4b-928b-4634-abbb-2658fb508b3c	Africa (Cape Town)
8c23e856-08bc-4008-8de6-59c6ab92108d	AP East (Hong Kong)
ef512325-8e1a-445e-a2af-be3cc8696ff0	AP Northeast (Tokyo)
e45fc357-8b9b-4f13-8f88-540cfbfe6fc9	AP Southeast (Singapore)
442f7037-e1d4-41f4-96a2-3267985db530	AP Southeast (Sydney)
d0eb0d26-00bd-4529-bace-b870f5b68bdc	US East (Ohio)
d04d2841-4648-4572-bd91-f28d573d1e32	EU Central (Frankfurt)
cf41563f-5cd4-4fc9-b3c4-b48cb38db5a6	EU South (Milan)
27bb91d3-df6b-454d-8fbf-34d125c9c636	AP Southeast (Singapore)
13381191-e1ce-4906-9177-060d10fe478c	US West (N. California)
8b0ec31b-10b7-423d-90a2-b9058a1acbfe	Middle East (Bahrain)
91b3473f-b120-46f5-ac67-65c3862aa003	AP Northeast (Tokyo)
fc328532-3e66-4c61-b2d0-8b28918b3507	CA Central (Montreal)
cd68b656-ea85-49c4-a0ff-a72f0fd85b08	AP Southeast (Sydney)
6baa384d-6dbe-41f9-89dd-927b16830419	EU Central (Frankfurt)
f25cd3ea-8a7b-4df8-9d34-e83053d90305	Middle East (UAE)
75669791-9e9c-45cf-a460-6d3d85dc6153	EU West (Ireland)
fbee468a-18a0-4774-b76d-6aec75be9d03	CA Central (Montreal)
1c7f2d52-2779-4c10-b8e6-b09a63bc1dc7	AP Southeast (Sydney)
49bf9aa9-feca-4ac4-a7d1-535c254b023e	AP East (Hong Kong)
cb97a1ea-2017-4a0f-b61a-825f4339a624	EU West (Ireland)
c17385e0-029f-4df8-a591-255a2013b785	EU West (Paris)
2780fb12-d434-4605-bcd2-ab77fdca5147	EU West (Paris)
095e784b-4be9-415a-9fb2-3c8c61a6780c	AP Northeast (Tokyo)
85386026-ac7f-4b2d-8bd9-b9c435e93ae2	EU West (London)
6041948b-8dca-42a0-8e45-bbbf2e4ad5aa	US Central (Iowa)
2f01b42c-3159-4949-b5fe-16d3a741bb29	EU West (Paris)
43e02023-318a-456b-afcc-f942b9a2535c	Africa (Cape Town)
afdc4a65-bff5-44d9-b8c6-5b73dbe420ed	US Mountain (Utah)
22220508-0b50-4f0c-9f28-6ebe4e8c2874	EU Central (Frankfurt)
ea72bf17-5634-429f-aaa2-e9e4fa8a8e62	EU West (Paris)
9a1db148-eab5-43ff-9493-d63041524ea4	EU Central (Frankfurt)
14d55e96-c1cd-49ee-a16d-82aa8aff1d13	US West (Oregon)
a9950c92-483c-493d-99ae-7a0934ca0aac	AP Southeast (Singapore)
afdb0c33-97b4-4da6-8be3-4902e771171c	AP Northeast (Tokyo)
c4a24364-a35b-4f00-9819-9ea6ac4adc88	US East (N. Virginia)
46b6cb84-9fe3-41a7-8f3d-3dc696be90ed	US Central (Iowa)
541e6384-0b46-4bae-bd44-e1f88773448d	AP Southeast (Singapore)
2b6ff212-7dc6-44ac-9a41-3d4aae1dbfd1	EU North (Stockholm)
72b31846-81e0-4531-8247-50486d6917a8	Middle East (UAE)
673546c4-f0f9-4906-944a-3b2527fc0c91	US West (N. California)
1babffec-687a-4a58-96a4-2c22132e27a4	AP Southeast (Singapore)
06ff4926-30d6-466a-a5b7-5b658774624a	AP Northeast (Seoul)
3bd99d27-639e-4a49-996b-6317f3c23f8a	South America (São Paulo)
d47f9002-5523-4561-803c-ed90cb5a7b08	EU West (London)
d4902947-570a-4ad1-be54-254aa0469676	US West (N. California)
952d44b4-1b24-4ce4-8d89-81e789e5caa9	EU West (Ireland)
f0061879-c7f9-42b4-9d58-dd5a7ba43daa	Middle East (UAE)
57fb336d-94ec-4e89-b0e0-b83febc46870	Africa (Cape Town)
04d4f707-e385-4092-a9d4-810c2efc450b	Africa (Cape Town)
72a91383-0883-4a9a-877d-724ba67f7674	US Mountain (Utah)
3925fe93-939c-405e-b9e4-35aa421630ed	AP Southeast (Sydney)
8ad44340-11d5-4793-a383-3004d062b865	US Central (Iowa)
d3e3dfa1-775c-4ae3-9f55-a69965ed67bf	EU West (Paris)
6f52a782-c483-44cd-b71f-43ecdd923449	EU Central (Frankfurt)
12950eef-9407-4ca8-9010-fd01d252dad1	Africa (Cape Town)
ac3a9cca-9693-4760-9d76-cf0b02d98ea6	EU West (Ireland)
0e87417e-3349-43b7-86e7-2bf53bcb78f5	AP Northeast (Tokyo)
59226d8a-1758-40af-82ff-85529f97199a	EU Central (Frankfurt)
018e4902-d2f2-419f-97e8-593b781e7a2b	AP Southeast (Sydney)
8733f8ce-3d0e-4dbf-aaa1-0efb911c06f5	AP Northeast (Tokyo)
6dc805a7-03d2-4d44-9b3e-9317d4089873	US Mountain (Utah)
9a021160-ff7b-48bc-9516-b38a172da362	AP Southeast (Sydney)
c945d4ca-b36b-4013-9975-55cfc1607bec	US Central (Iowa)
e2ee1d38-e0f0-4ffb-9222-8b904f9c477f	Middle East (UAE)
dd5a1703-4cfc-44a1-907c-93ef0c2cdc16	South America (São Paulo)
e8b67169-7227-46f6-9773-138f4186ad96	South America (São Paulo)
72c0686a-e419-452c-9c83-6e2acfe543df	AP Southeast (Sydney)
3011a193-f663-41ce-87be-8cb92c889bd1	US West (Oregon)
94dbda99-aedc-43f0-9496-fff21a085431	AP Northeast (Seoul)
25758d0f-ca3c-4de1-a029-02fba949ae2d	AP East (Hong Kong)
43f92e6e-75e3-4272-92f8-84df2407695c	Middle East (UAE)
7d8fd41e-7cad-4d7e-bd41-abb0c6cd704d	AP Northeast (Tokyo)
2ad09ab3-ffe1-4f41-a907-162f46c05d8a	EU South (Milan)
f0e8580f-afc5-476f-8c6c-f6f93d6a2171	US Mountain (Utah)
4d5bc797-a068-4756-a69c-d61a14eff761	US East (Ohio)
b1d3dde7-8184-4153-bdbe-8797092e37d2	Middle East (Bahrain)
2165c7c8-85b6-4d37-8738-a277140414e6	AP Northeast (Seoul)
513191b6-bfcd-4893-a68f-39bd761e3864	US West (N. California)
bf0ed47c-9679-4eb2-a8a3-4b736797925e	AP South (Mumbai)
e60cb123-3149-436c-be7d-ed514bf9139f	EU North (Stockholm)
035e8406-3ca8-4067-b504-376c51c0c877	Middle East (Bahrain)
0d4beed6-c747-4835-a971-315de33c0107	US West (N. California)
516b41fe-986c-4ce6-8b93-82fecd04be10	AP East (Hong Kong)
7e7f261a-4f49-456d-8d3d-9c71af7150bb	EU South (Milan)
6535df49-7c42-4385-905b-fbb45a47e78b	EU Central (Frankfurt)
e2e7d4b0-4a89-454a-a1d3-90fb18bf0c18	US West (Oregon)
67500b23-7660-42aa-9b25-8daa8b8307b1	US East (Ohio)
049bb17f-f69f-4f9f-ae13-2618a81d8f90	EU West (Ireland)
0b904098-dc24-409f-9bd4-c7ab5984d749	US Mountain (Utah)
6cf844b4-0129-4abe-aa9c-92ade83de38d	EU South (Milan)
0a464146-0fa5-4e00-b999-c1357e2da04e	EU North (Stockholm)
b9325222-2706-49c3-9129-66432f8cd077	Middle East (UAE)
2a6f6758-1f31-4ede-8eda-154ca2fb6468	AP Southeast (Sydney)
61a1aa0c-c2e3-4fba-8674-25aa4c79413a	AP Northeast (Seoul)
810b4a35-b8e8-44ed-80a5-b0ca85108f15	US West (N. California)
d97c3b17-0535-4a59-85e5-9cfccb494b38	AP Southeast (Singapore)
ffae591c-d5eb-4cbb-8439-b4efd16ba825	AP Southeast (Sydney)
7ec6cf24-49d1-477f-b474-b51ab14a6567	US East (Ohio)
75a9485e-d914-4321-9938-59bf727d0fc5	AP South (Mumbai)
21e7fab4-feb7-4668-bbf5-ff524bf30146	EU North (Stockholm)
82832429-44d2-4b97-a8af-1f1af4a84c50	US West (N. California)
2f3fdf38-1218-4f3e-ade6-8e5b07c48cd3	AP Southeast (Sydney)
dea740d0-e468-4d71-8ef4-cbb145926cfe	AP East (Hong Kong)
7299ff4b-cc93-4f0b-bbe7-9b13bd3d0f57	US West (Oregon)
29599b8d-7f5c-4348-96e1-c2527377a838	AP Northeast (Tokyo)
b667fcec-9140-4906-8a90-281409fb4360	US Central (Iowa)
9c2f666e-8028-465d-bc9d-3469e1ae7ad2	EU South (Milan)
085c4d56-2774-4324-8a1a-f7d52bc6fe1e	AP Southeast (Singapore)
63fdf0a7-e254-4035-aa5f-4691f67fcbca	US West (Oregon)
5acfaabc-9e8a-454b-8f4f-3837c86656d4	EU North (Stockholm)
ed0aa766-1c17-47d5-8a03-5a1ff1738653	US Central (Iowa)
a928cf45-a140-44c4-b3ec-991771fd093e	US East (Ohio)
642668fb-efa7-4439-a59b-ac1b89b81ee6	US Central (Iowa)
2f371a9f-52d7-46ed-92fe-d383eac5367c	US Central (Iowa)
06c6e65d-1f60-43f4-8656-adcdc38ab7e4	US Mountain (Utah)
f09e6ca9-fa69-486f-ad7c-93fa03f07306	EU West (London)
f92e9210-2597-45a1-949d-8b1b97a0994d	South America (São Paulo)
a5f9139c-e187-4049-97f3-17cc3bdfc289	AP South (Mumbai)
be07b406-7b80-4670-b19a-fe805cebfc27	AP South (Mumbai)
6d418562-4084-4c4b-ab02-bfd9aa21090c	US East (Ohio)
ecd62af0-bf99-4eae-a8dd-8c501b2089ca	US East (N. Virginia)
ae28ea67-de68-40a9-b70b-41818368b1bd	Middle East (Bahrain)
e6190fd0-c456-4c1c-8746-5da133424d61	US East (Ohio)
82daecc1-f8dc-40a2-afe7-af532fc4aad3	US Central (Iowa)
199f141e-246b-4c30-9106-cba35ce9f163	EU South (Milan)
575d0481-f45a-4530-9591-ea11faa0a7d4	AP Southeast (Sydney)
234a8449-bc0b-416c-994a-d3d942bf7df2	EU Central (Frankfurt)
cdf4ca3d-0356-4d2c-b0e2-a22a7fa18b3c	Africa (Cape Town)
ab0f31df-2dcd-4950-8b27-5b256d9d8dbe	EU West (Paris)
7c173d86-4cad-47c2-9304-3fb4ff5099e4	CA Central (Montreal)
0588bd00-c5e2-4b87-96c8-55dc26131662	EU West (London)
fc3364d2-734b-4a0b-a26c-6f0bc36c3330	AP Northeast (Tokyo)
566884e6-fa50-4792-9121-66b0814c7f72	EU West (London)
af2a0bda-e69f-44f4-a36b-831f0dba25f8	EU North (Stockholm)
adc20ced-1e44-45a0-abe8-c9b2d959f2ce	EU South (Milan)
7c052e63-3ebf-4a0a-af36-dcd6550618cb	EU North (Stockholm)
a74db34a-0ae6-48bf-b10a-47d7010d62fe	AP Southeast (Singapore)
c221f19d-7697-4245-a451-e539bf246edb	South America (São Paulo)
9bdeb4ed-c3b3-4677-a11e-6fa9baab80ea	US Mountain (Utah)
6d8f1fdd-8a04-494b-86a0-44131f2cc6cb	US East (Ohio)
1566ce3e-d90b-4772-b6fc-f675ea114abb	EU Central (Frankfurt)
4d119aaf-eae6-4e1f-81f0-a332859b4e38	AP East (Hong Kong)
ec2d90d1-fef9-48d4-8176-02bb155113c2	South America (São Paulo)
01c2fe6b-3ed1-4cb6-a67e-ca35abdf7f81	US West (Oregon)
d71a4fe8-e7cd-4d3b-8740-d55c82e88229	AP South (Mumbai)
7509b4de-571a-4ec5-8d46-5751ca211ea8	Middle East (Bahrain)
2d4d9dcf-7369-47b0-8b99-ea61b505301e	US West (N. California)
3577d217-b121-4cad-aa49-abfda67b07a5	Africa (Cape Town)
2e26aa81-b214-47af-98b9-19630d2050dd	EU Central (Frankfurt)
519c03d1-abb4-4d36-a2b0-037467b078a3	AP Northeast (Tokyo)
86f8abc5-ae00-4de6-b028-f3a6e3372488	AP South (Mumbai)
425769e3-7dbf-4ee8-835f-e8fcbdded48d	AP Southeast (Sydney)
51d68ec1-4006-410a-8cae-78c8a43e4807	EU West (Paris)
67d532f6-98af-4471-9558-1970d9e60e44	AP South (Mumbai)
6acd2b1d-483b-4dde-b008-f29f07bce743	US Mountain (Utah)
1ea83164-1e5d-46cc-a42b-05ec5f1ae3ec	South America (São Paulo)
9461575e-a79e-4e4c-8f2f-6f9466f1c88c	CA Central (Montreal)
2571342c-3a0d-4a32-88fc-7a394035d3b7	AP South (Mumbai)
becdf27a-99a2-4fbf-90ed-8970b3dc0eeb	US West (Oregon)
dc624018-8625-4b6e-b6a0-d543dc449d3a	South America (São Paulo)
d9598f44-2063-427b-b7b4-b2c1d9df1d75	AP Northeast (Tokyo)
780ee2ff-db39-4dbc-8a70-bc7370a4b03e	US West (N. California)
9879d205-dc21-4803-9c9a-2647d4dab3b1	US East (N. Virginia)
6ada5609-4b45-42ea-9dcf-f0e69387f9b0	US West (Oregon)
3b5b0576-5402-4067-ac2e-bc08c9b2af5e	US East (N. Virginia)
